method,seed,n,validity_rate,diversity,mean_len,std_len,js_length,aa_L1,js_2mer,js_3mer
random,42,2000,1.0,1.0,28.48,21.82,0.0847,0.4295,0.3226,0.499
freq_matched,42,2000,1.0,1.0,27.62,21.01,0.0709,0.0152,0.1322,0.3598
training_sample,42,2000,1.0,0.969,28.53,21.82,0.0834,0.0245,0.0546,0.237
bigram_markov,42,2000,1.0,1.0,28.04,21.78,0.076,0.0131,0.0536,0.3218
random,43,2000,1.0,1.0,28.58,21.86,0.0703,0.4347,0.3257,0.4986
freq_matched,43,2000,1.0,1.0,28.39,21.37,0.0658,0.016,0.1279,0.3531
training_sample,43,2000,1.0,0.9655,27.39,20.66,0.0733,0.0198,0.0566,0.2467
bigram_markov,43,2000,1.0,1.0,27.28,20.58,0.0738,0.0121,0.0533,0.3231
random,44,2000,1.0,1.0,28.24,21.25,0.0705,0.4229,0.3237,0.4993
freq_matched,44,2000,1.0,1.0,28.03,21.22,0.0706,0.0158,0.1293,0.3583
training_sample,44,2000,1.0,0.962,27.79,21.11,0.0676,0.014,0.0565,0.2473
bigram_markov,44,2000,1.0,1.0,28.0,21.2,0.073,0.0129,0.0516,0.3233
