fold,AUC,Accuracy,Precision,Recall,F1,classifier
0,0.5,0.4996869129618034,0.0,0.0,0.0,MostFrequentClass
1,0.5,0.4996869129618034,0.0,0.0,0.0,MostFrequentClass
2,0.5,0.4996869129618034,0.4996869129618034,1.0,0.6663883089770355,MostFrequentClass
3,0.5,0.4996869129618034,0.4996869129618034,1.0,0.6663883089770355,MostFrequentClass
4,0.5,0.5,0.0,0.0,0.0,MostFrequentClass
0,0.8690978070959627,0.8691296180338134,0.8352272727272727,0.9198998748435544,0.8755211435378202,1-NearestNeighbour
1,0.8578235325485176,0.8578584846587352,0.8220720720720721,0.9136420525657072,0.8654416123295792,1-NearestNeighbour
2,0.87041916430626,0.8703819661865999,0.8309070548712206,0.9298245614035088,0.8775872264931993,1-NearestNeighbour
3,0.8716636710675312,0.8716343143393863,0.8396334478808706,0.918546365914787,0.8773189706762418,1-NearestNeighbour
4,0.8728070175438597,0.8728070175438597,0.84,0.9210526315789473,0.8786610878661087,1-NearestNeighbour
0,0.8408489935727932,0.7626800250469631,0.7631578947368421,0.7622027534418022,0.7626800250469631,LogisticRegression
1,0.8297260673586344,0.7576706324358171,0.7647814910025706,0.7446808510638298,0.7545973367152822,LogisticRegression
2,0.8290987167543389,0.7576706324358171,0.7466986794717887,0.7794486215538847,0.7627222562844881,LogisticRegression
3,0.8451149776820023,0.7752035065748278,0.7647768395657418,0.7944862155388471,0.7793484941610326,LogisticRegression
4,0.8374586214910711,0.7731829573934837,0.7816537467700259,0.7581453634085213,0.7697201017811705,LogisticRegression
0,0.9578561547799413,0.8929242329367564,0.8866995073891626,0.9011264080100125,0.8938547486033519,RandomForest
1,0.9515450077007286,0.8791484032561052,0.8845177664974619,0.8723404255319149,0.8783868935097668,RandomForest
2,0.9491116715443177,0.8766437069505323,0.8687116564417178,0.8872180451127819,0.8778673279603224,RandomForest
3,0.958966565349544,0.8935504070131497,0.8974683544303798,0.8884711779448622,0.8929471032745592,RandomForest
4,0.9525748896049647,0.8784461152882206,0.8719211822660099,0.8872180451127819,0.8795031055900621,RandomForest
