epoch,train_loss,val_residue_nll,val_residue_ppl,val_residue_nll_renorm,val_residue_ppl_renorm
1,2.5830326186424,2.412392750544468,11.16063383447764,2.4121223702264714,11.157616626667615
2,2.256734546548714,2.158621670484223,8.659194206390524,2.1584900381545045,8.658054451499593
3,2.03750033815224,2.015591229762107,7.505163345676071,2.0155073984799037,7.504534204580881
4,1.8930820376265862,1.922504750280845,6.838064681383735,1.9224509913223806,6.8376970840294655
5,1.7905036593009596,1.8716788103061475,6.49919816659036,1.8716452566283683,6.498980098247774
6,1.7123901374349613,1.8272076204272603,6.216503562157502,1.8271813961991112,6.216340541287357
7,1.648815184160479,1.7984910018997804,6.040525442170227,1.798471053787496,6.040404946292286
8,1.5980187095367664,1.78395621142509,5.953362651457844,1.783942624524517,5.953281764260928
9,1.5578785815725031,1.7673719429873784,5.85544468035084,1.7673592591607672,5.855370411376791
10,1.5218707026442655,1.7566850532504361,5.793201374760541,1.7566763789860085,5.793151123217881
11,1.4916128669118671,1.7413289458605323,5.7049199168898275,1.7413220071334143,5.704880332144628
12,1.463641209886279,1.7374846043235246,5.683030358715622,1.73747964181847,5.683002156718717
13,1.4425852694721646,1.7306818533809705,5.644501318902524,1.7306772420350633,5.6444752902144835
14,1.4229162532600221,1.7328922063553902,5.65699145790461,1.7328885246244672,5.656970630422569
15,1.4042165884769267,1.723481114399764,5.60400272312438,1.7234783055053682,5.603986982094645
