group,n,n_generated,js_2mer_mean,js_2mer_sd,js_2mer_raw,js_2mer,n_tokens_2mer,js_3mer_mean,js_3mer_sd,js_3mer_raw,js_3mer,n_tokens_3mer,js_4mer_mean,js_4mer_sd,js_4mer_raw,js_4mer,n_tokens_4mer,js_5mer_mean,js_5mer_sd,js_5mer_raw,js_5mer,n_tokens_5mer,js_6mer_mean,js_6mer_sd,js_6mer_raw,js_6mer,n_tokens_6mer
"Generated (GRU, with special)",1982,1998,0.1277,0.0037,0.1197,0.1277 ± 0.0037,51956,0.3201,0.0042,0.2618,0.3201 ± 0.0042,49974,0.7825,0.0017,0.7053,0.7825 ± 0.0017,47992,0.9533,0.0006,0.9346,0.9533 ± 0.0006,46010,0.982,0.0005,0.9774,0.9820 ± 0.0005,44028
"Generated (GRU, no special)",0,2000,,,,no valid sequences,0,,,,no valid sequences,0,,,,no valid sequences,0,,,,no valid sequences,0,,,,no valid sequences,0
Generated (GRU),1982,1998,0.1277,0.0037,0.1197,0.1277 ± 0.0037,51956,0.3201,0.0042,0.2618,0.3201 ± 0.0042,49974,0.7825,0.0017,0.7053,0.7825 ± 0.0017,47992,0.9533,0.0006,0.9346,0.9533 ± 0.0006,46010,0.982,0.0005,0.9774,0.9820 ± 0.0005,44028
Generated (LSTM),1983,2000,0.1364,0.0032,0.1293,0.1364 ± 0.0032,48448,0.334,0.003,0.2733,0.3340 ± 0.0030,46465,0.7975,0.0012,0.7218,0.7975 ± 0.0012,44482,0.9568,0.0008,0.9391,0.9568 ± 0.0008,42499,0.9837,0.0005,0.9792,0.9837 ± 0.0005,40516
Baseline: random,2000,2000,0.3242,0.0035,0.321,0.3242 ± 0.0035,54962,0.5004,0.0042,0.464,0.5004 ± 0.0042,52962,0.9011,0.0009,0.8483,0.9011 ± 0.0009,50962,0.994,0.0002,0.989,0.9940 ± 0.0002,48962,0.9996,0.0,0.9993,0.9996 ± 0.0000,46962
Baseline: freq_matched,2000,2000,0.1326,0.0028,0.1256,0.1326 ± 0.0028,53237,0.3601,0.0038,0.3138,0.3601 ± 0.0038,51237,0.8142,0.0018,0.7422,0.8142 ± 0.0018,49237,0.9808,0.0004,0.9671,0.9808 ± 0.0004,47237,0.9986,0.0001,0.9974,0.9986 ± 0.0001,45237
Baseline: training_sample,2000,2000,0.0555,0.0023,0.0406,0.0555 ± 0.0023,55066,0.2399,0.0025,0.1766,0.2399 ± 0.0025,53066,0.6132,0.0043,0.5055,0.6132 ± 0.0043,51066,0.7571,0.0053,0.6553,0.7571 ± 0.0053,49066,0.7979,0.0053,0.6991,0.7979 ± 0.0053,47066
Baseline: bigram_markov,2000,2000,0.054,0.0022,0.0379,0.0540 ± 0.0022,54082,0.3225,0.0034,0.2737,0.3225 ± 0.0034,52082,0.7926,0.0017,0.7196,0.7926 ± 0.0017,50082,0.9735,0.0006,0.9571,0.9735 ± 0.0006,48082,0.9977,0.0002,0.996,0.9977 ± 0.0002,46082
"Generated (GRU, T=0.8)",1986,2000,0.1115,0.0044,0.1062,0.1115 ± 0.0044,52762,0.2943,0.0036,0.2524,0.2943 ± 0.0036,50776,0.6665,0.0042,0.5957,0.6665 ± 0.0042,48790,0.8315,0.0041,0.7929,0.8315 ± 0.0041,46804,0.8807,0.0037,0.856,0.8807 ± 0.0037,44818
"Generated (GRU, T=1.2)",1988,2000,0.0877,0.0033,0.0777,0.0877 ± 0.0033,52747,0.2827,0.0031,0.2228,0.2827 ± 0.0031,50759,0.7299,0.0015,0.6506,0.7299 ± 0.0015,48771,0.91,0.0014,0.8839,0.9100 ± 0.0014,46783,0.9507,0.0011,0.9407,0.9507 ± 0.0011,44795
"Generated (GRU, T=1.5)",1982,1998,0.1277,0.0037,0.1197,0.1277 ± 0.0037,51956,0.3201,0.0042,0.2618,0.3201 ± 0.0042,49974,0.7825,0.0017,0.7053,0.7825 ± 0.0017,47992,0.9533,0.0006,0.9346,0.9533 ± 0.0006,46010,0.982,0.0005,0.9774,0.9820 ± 0.0005,44028
"Generated (GRU, T=1)",1993,2000,0.0753,0.0025,0.0651,0.0753 ± 0.0025,52536,0.2712,0.0025,0.2146,0.2712 ± 0.0025,50543,0.6978,0.0021,0.619,0.6978 ± 0.0021,48550,0.8772,0.002,0.8445,0.8772 ± 0.0020,46557,0.9241,0.0018,0.908,0.9241 ± 0.0018,44564
