feature,impurity_importance,permutation_importance_mean,permutation_importance_sd
aa_C,0.16444122651535173,0.14045084533500313,0.004498440840491368
aa_M,0.08278611593584739,0.05873512836568564,0.005648076284924057
aa_G,0.07248751270694674,0.037132122730118955,0.00490698389441831
aa_Y,0.04404585787017163,0.027363807138384467,0.004106575436961697
charge,0.054346430828164226,0.02360676268002504,0.0029774560871556025
aa_D,0.03543164019597827,0.012022542266750147,0.002034824897842447
aa_K,0.03716325354575433,0.008328115216030052,0.002612729623672524
aa_A,0.029301150951876753,0.008328115216030052,0.001456443750734249
gravy,0.04092933937610231,0.007326236693800869,0.0016098885575682438
aa_P,0.03058042578740568,0.007263619286161549,0.00261497971419175
aa_R,0.02767291137840081,0.00644959298685035,0.001815904821540395
aa_W,0.022109075419096184,0.0060112711333750735,0.0014333779764883685
aa_L,0.034458978238841816,0.005698184095178449,0.0024484927734523677
aa_I,0.03592045418367542,0.004946775203506571,0.0033068868945550097
aa_F,0.027113197649260904,0.0048841577958672385,0.0014764966966251212
aromaticity,0.03459523217681578,0.004633688165309957,0.0018826920949746853
aa_Q,0.02347776836000113,0.004508453350031294,0.001246070678906237
aa_H,0.022046226378920557,0.004508453350031294,0.0012771495337740209
aa_N,0.023791126213772926,0.004445835942391963,0.0015704365941120232
aa_E,0.032428177586662096,0.003694427050720095,0.0018670070777552354
aa_T,0.026341199856292453,0.0035691922354414317,0.0016578838190198601
length,0.025826135678672507,0.0033813400125234814,0.0016376577120378207
aa_S,0.02418733954208835,0.00250469630557294,0.0010096753598370152
aa_V,0.024008623679169498,0.0017532874139010613,0.0023395794229517015
hydrophobic_moment,0.024510599944730458,0.0003757044458359227,0.0014057573150058544
