temperature,seed,val_residue_ppl_renorm,n,unique,diversity,validity_rate,mean_len,std_len,js_length,aa_L1,js_2mer,js_3mer,mean_max_identity,frac_identity_gt_0.90,frac_exact_copy
0.8,42,5.8835,2000,1904,0.952,0.993,28.31,22.28,0.1368,0.1088,0.1093,0.2911,0.8469,0.422,0.3303
1.0,42,5.8835,2000,1984,0.992,0.9965,27.68,20.77,0.1355,0.0579,0.0746,0.2705,0.7853,0.2403,0.1882
1.2,42,5.8835,2000,1996,0.998,0.994,27.87,21.04,0.1332,0.0737,0.0885,0.2824,0.7435,0.1388,0.1016
1.5,42,5.8835,2000,1999,0.9995,0.991,27.4,20.65,0.1522,0.1261,0.128,0.3206,0.6977,0.06,0.0489
0.8,43,5.8827,2000,1905,0.9525,0.997,29.32,23.11,0.1224,0.0839,0.0945,0.2807,,,
1.0,43,5.8827,2000,1987,0.9935,0.992,28.68,23.76,0.1304,0.0492,0.0694,0.2665,,,
1.2,43,5.8827,2000,2000,1.0,0.995,27.54,21.69,0.1447,0.0577,0.0853,0.2828,,,
1.5,43,5.8827,2000,2000,1.0,0.99,27.33,21.61,0.1576,0.1243,0.1276,0.3203,,,
0.8,44,5.9206,2000,1882,0.941,0.9925,27.2,21.33,0.1215,0.1167,0.1197,0.3053,,,
1.0,44,5.9206,2000,1991,0.9955,0.993,26.07,20.92,0.1423,0.0647,0.0798,0.2811,,,
1.2,44,5.9206,2000,1999,0.9995,0.9895,26.31,21.28,0.149,0.0704,0.0896,0.2918,,,
1.5,44,5.9206,2000,2000,1.0,0.9815,25.52,21.45,0.1869,0.121,0.1238,0.3243,,,
